trip_distance,duration_seconds,MPH
12.89,520,89.23846391531139
105.24,5313,71.30886360052142
97.42,5428,64.61164211647072
62.39,3655,61.45116218953061
7.52,448,60.428571275302346
12.04,728,59.53846134982266
10.76,651,59.50230541317144
3.28,199,59.336682899513434
29.54,1793,59.31065437584966
3.78,232,58.65517196984127
8.54,525,58.55999973842076
3.61,225,57.7599983215332
6.77,422,57.75355433965746
34.8,2173,57.65301300203312
9.88,631,56.367671017412526
114.25,7354,55.92874626053848
29.15,1901,55.2025242644445
6.78,443,55.09706716774279
75.15,4915,55.04374475954508
61.06,4018,54.70781606367538
7.74,513,54.31578786749589
47.26,3146,54.080099795778615
18.26,1219,53.92616966691929
36.57,2442,53.91154746165732
10.74,718,53.849581025104996
5.39,361,53.75069118933004
133.3,8961,53.55206014801117
9.4,632,53.544301624539536
11.74,790,53.49873313420935
48.58,3270,53.48257082317947
97.34,6584,53.22357029410788
0.99,67,53.194030363168295
9.33,633,53.061610940508366
49.74,3378,53.00888278344596
14.1,958,52.98538765479229
16.33,1110,52.96216191472234
12.2,830,52.915661823318665
9.95,678,52.83185739432816
9.57,654,52.67889740270212
4.5,308,52.5974025974026
19.57,1343,52.458673791040354
12.3,845,52.40236767650356
12.15,836,52.320572519986825
35.76,2461,52.31044045409165
23.1,1591,52.26901406240793
6.46,446,52.14349806576031
11.02,761,52.13140821018295
28.93,1999,52.100050574603706
21.58,1492,52.06970490974651
26.09,1806,52.00664482243433
10.25,710,51.971830985915496
30.09,2086,51.929051078291664
11.74,814,51.9213749091221
11.91,828,51.78260803222656
13.54,942,51.7452227841517
17.56,1223,51.68928706246327
23.11,1610,51.67453552625194
13.23,922,51.657265023916246
13.4,934,51.648820799474294
53.15,3708,51.60194322900865
132.27,9235,51.56166923452727
11.2,783,51.494251996621315
17.62,1234,51.40356808852531
5.91,415,51.26746855586408
14.65,1029,51.253642980280844
11.55,813,51.143912283696814
15.25,1074,51.117318435754186
8.08,570,51.03157846551193
10.63,750,51.024000549316405
11.38,804,50.95522439301904
17.23,1219,50.88433006730992
38,2689,50.87393082930458
30.25,2149,50.67473243369008
12.19,866,50.674363151708874
27.58,1960,50.657142717011126
7.12,506,50.65612566800928
17.25,1226,50.65252854812398
15.41,1096,50.61678781996678
22.18,1578,50.600761152492275
25.82,1856,50.081895959788355
17.3,1244,50.06430647380866
25.13,1808,50.037608948429074
1.07,77,50.02597647827941
11.5,828,50
33.76,2432,49.97368172595375
24.12,1738,49.960876306812565
6.05,436,49.95413001524199
26.07,1880,49.92127601136552
10.92,788,49.88832522164747
24.87,1797,49.82304007859779
19.79,1431,49.78616582522602
28.87,2088,49.77586351591965
10.89,788,49.75127060401258
7.04,510,49.69411737778608
30.95,2243,49.674544247250125
11.28,818,49.64303060965317
26.56,1928,49.5933599986476
8.87,644,49.58385029194518
11.27,819,49.53846355060954
5.77,420,49.45714269365583
14.73,1073,49.420315332759344
2.21,161,49.41614992129877
23.84,1737,49.4093267411148
7.63,556,49.402878438826086
8.88,648,49.33333396911621
16.71,1220,49.308194019755376
9.23,674,49.29970081906644
11.74,858,49.25874029839789
11.6,848,49.24528463831488
27.59,2019,49.194651089309765
6.42,470,49.174468669485535
17.15,1257,49.116944014883835
9.26,679,49.095730226766726
19.24,1411,49.08858906876357
20.22,1483,49.08428693734064
69.71,5116,49.053165892123054
11.67,857,49.02217068221494
29.24,2149,48.98278230620073
1.85,136,48.97058886640212
5.75,423,48.93617021276596
9.2,677,48.92171242740693
11.28,831,48.86642483597628
26.75,1971,48.858447488584474
16.35,1205,48.84647416870624
17.12,1262,48.836769430459775
49.84,3675,48.822857292331
33.19,2448,48.80882150986615
7.74,571,48.79859750617406
18.78,1386,48.7792225627156
7.12,526,48.730037239567864
25.98,1920,48.712499141693115
11.55,854,48.688525394198486
29.4,2174,48.68445199020652
13.67,1011,48.67655813517132
16.22,1200,48.65999794006348
11.92,882,48.653061535893656
9.58,709,48.64315899201946
116.9,8658,48.60706924152969
17.7,1311,48.604121088163254
8.1,600,48.60000228881836
18.24,1353,48.53215016705498
11.91,884,48.50226182204027
10.4,772,48.4974075475505
11.1,824,48.49514729768327
8.39,623,48.48154291486664
20.07,1491,48.45875177824761
24.56,1825,48.44712223418772
7.6,565,48.424778153411054
11.9,885,48.40677810927569
35.63,2653,48.34828640980582
36.86,2748,48.2882104065741
17.96,1339,48.28677871852245
26.36,1966,48.26856673309543
5,373,48.257372654155496
24.15,1803,48.219633181757615
15.89,1187,48.19208191740683
11.78,880,48.19090799851851
9.45,706,48.186967865941206
27.14,2028,48.1775137094351
24.78,1852,48.16846785741027
34.6,2586,48.167051240075764
14.93,1116,48.16129130701865
30.03,2248,48.0907484305711
16.91,1266,48.08530762297282
17.24,1291,48.0743603222505
44.2,3310,48.07250838265318
10.44,782,48.061379142429516
34.03,2549,48.061198746751174
21.52,1612,48.05955437217693
10.88,815,48.05889621102737
24.36,1826,48.02628816936781
1,75,48
25.74,1931,47.98757077991993
24.45,1835,47.967303949091026
11.47,861,47.958189269806866
11.37,854,47.92974190633805
11.82,888,47.918917681719805
7,526,47.90874524714829
24.2,1819,47.894449008566255
8.54,642,47.88785025338146
25.9,1948,47.86447568106211
10.52,792,47.81818389892578
22.26,1676,47.813842973731866
18.08,1363,47.75348475813778
11.6,875,47.72571585518973
11.65,879,47.713309017871424
10.63,803,47.656289429623044
26.07,1970,47.6406085793742
2.17,164,47.634148016208556
12.7,960,47.62499928474426
62.98,4765,47.58195138553007
51.54,3900,47.575385460486785
8.02,607,47.56507684999872
19.21,1454,47.562583702958435
11.2,848,47.54716900159728
17.41,1320,47.48181776566939
16.49,1251,47.45323675141918
12.77,970,47.39381613190641
26.77,2034,47.38053178365252
11.64,885,47.34915393894002
11.84,901,47.30743679169413
10.89,829,47.29071319175141
20.7,1577,47.25428202066077
9.91,755,47.25297940487893
19.62,1495,47.24548697072925
5.8,442,47.23982055802151
27.07,2063,47.238002375844495
56.04,4273,47.213667984062354
36.74,2805,47.152943330652576
119.66,9140,47.130854834091224
11.78,900,47.119998931884766
11.68,893,47.0862274340793
5.42,415,47.01686813170651
9.15,701,46.990012306289564
15.2,1166,46.92967351059562
22.08,1694,46.9232583974863
10.8,829,46.89988020101991
18.4,1413,46.87897991982235
11.81,907,46.87541511644996
10.39,798,46.87218199995227
18.06,1388,46.841497173913965
11.97,920,46.83913147967795
9.51,731,46.834474451401654
6.96,535,46.83364511650299
27.41,2107,46.83246295713507
27.51,2116,46.80340303590483
5.68,437,46.791760599585906
37.08,2854,46.7722517840914
24.36,1875,46.771201171875
7,539,46.75324675324675
33.7,2598,46.697460641486536
20.31,1566,46.68965394469513
10.64,821,46.65529992199989
10.75,830,46.626506024096386
19.75,1525,46.622950819672134
16.22,1253,46.601753813308996
10.97,848,46.570755850594
16.7,1291,46.56855363794116
19.09,1476,46.560975981921686
15.04,1163,46.555459899115135
12.22,945,46.55238196963356
18.05,1397,46.51395651640513
11.77,911,46.511527604774116
20.36,1576,46.507615607402045
10.41,806,46.49627723409875
24.77,1918,46.49218021269511
11.57,896,46.48660591670445
25.36,1964,46.48472616968718
20.69,1603,46.465378616723285
22.78,1765,46.46345749117498
24.66,1911,46.45525873923788
38.53,2987,46.43722651672874
10.55,818,46.4303186878307
18.97,1471,46.42555916252629
21.46,1665,46.39999802048142
7.01,544,46.38970739701215
9.29,721,46.38557539898876
27.19,2111,46.36854662368898
16.1,1250,46.36800109863282
11.82,918,46.35293997970282
50.65,3934,46.34977262154653
26.02,2021,46.3493328292673
21.04,1635,46.32660752042718
19.34,1503,46.323353658893154
26.91,2092,46.30783912556577
24.26,1886,46.307529599138185
28.53,2218,46.306583621246084
19.05,1481,46.306547774083704
32.69,2542,46.29582811020942
22.8,1773,46.294414694539185
26.4,2053,46.2932287514413
15.89,1236,46.28155439802744
16.48,1282,46.2776898221925
10.5,817,46.266829865361075
11.32,881,46.25652542720452
6.72,523,46.256212704952084
10.16,791,46.240201581142344
18.3,1425,46.231577019942435
8.09,630,46.228572300502236
11.8,919,46.22415743922254
10.09,786,46.2137411568911
8.8,686,46.18075901843368
16.68,1301,46.155266025082874
6.96,543,46.14364666174788
24.45,1908,46.13207691120651
59.72,4661,46.12572503637229
5.2,406,46.10837269299136
27.34,2135,46.100234449328525
9.45,738,46.09756004519579
11.5,899,46.05116796440489
10.36,810,46.04444291856554
19.07,1493,45.98258466267059
16.36,1281,45.97658251152664
26.11,2046,45.9413500475394
29.9,2343,45.9411005662437
19.75,1548,45.93023255813954
10.5,823,45.92952612393682
15.04,1179,45.9236640056581
18.85,1478,45.91339741088702
13.62,1068,45.910111973794656
8.5,667,45.877061469265364
8.32,653,45.86829847070014
16.55,1299,45.86604869393223
16.56,1300,45.85846005953275
11.73,921,45.85016107714525
3.31,260,45.830768438485954
23.69,1862,45.802364083032984
25.07,1971,45.78995378050086
4.92,387,45.767442570176236
7.13,561,45.75401142956739
30.12,2370,45.751900008962124
15.31,1205,45.73942034076359
37.84,2979,45.7280968611334
24.72,1947,45.70724064102525
16.88,1330,45.69022329230057
19.24,1516,45.688653810043135
17.26,1360,45.68823589998133
17.15,1352,45.66567945762499
10.26,809,45.656366902317195
17.03,1343,45.65003907068044
8.85,698,45.64470110786679
24,1894,45.61774023231257
12.06,952,45.60504360359256
13.39,1057,45.60454232352121
19.95,1575,45.600001743861604
17.91,1414,45.59830229892758
20.1,1587,45.59546400333397
14.89,1176,45.581633704049246
27.12,2142,45.57983334324941
13.95,1102,45.571687217200086
3.87,306,45.52941041834214
19.87,1572,45.50381871580168
19.4,1535,45.49837044085276
10.51,832,45.475962528815636
3.6,285,45.47368300588508
16.37,1296,45.47222455342611
14.7,1164,45.46391693587156
10.48,830,45.455419701265996
9.81,777,45.45173939590749
17.27,1368,45.447369625693874
25.58,2027,45.430685606976716
6.61,524,45.41221465773255
26.9,2134,45.37956824119447
48.97,3886,45.36593010667299
12.8,1016,45.35433138449361
19.23,1527,45.3359517695159
20.98,1666,45.334932984424235
19.38,1539,45.333331370214275
17.25,1370,45.32846715328468
31.71,2519,45.317982018301535
18.35,1458,45.3086429172092
26.56,2111,45.294172466789476
13.8,1097,45.28714738983182
22.24,1768,45.28506740725418
15.12,1202,45.284525447597915
4.94,393,45.25190892110344
27.07,2155,45.221345197850205
20.42,1626,45.210332272237515
19.46,1551,45.168276404965546
22.98,1832,45.157204340639076
7.94,633,45.156398429689816
27.48,2191,45.15198464265212
19.66,1568,45.137754751711476
16.22,1294,45.12519128908514
48.71,3887,45.11345425883755
23.34,1863,45.10144957021815
26.37,2107,45.05553062232569
36.23,2895,45.05284917169284
11.21,896,45.04017872469766
15.8,1263,45.03562999734403
24.48,1957,45.03219128873315
14.26,1140,45.03157967015317
14.02,1121,45.02408710789404
22.38,1790,45.01005417807808
14.2,1136,44.99999939555853
10.31,825,44.9890927401456
15.67,1254,44.98564615204003
28.49,2281,44.96448889786295
21.72,1739,44.96377086145841
11.94,956,44.96234151608775
11.8,945,44.95238167898995
26.77,2144,44.949627634304676
15.5,1242,44.92753623188406
10.27,823,44.923452792161875
28.57,2290,44.91353663815161
16.33,1309,44.91061858314881
17.19,1378,44.90856453019406
19.5,1564,44.8849104859335
11.27,904,44.880532796404005
15.82,1269,44.87943175836658
8.7,698,44.871059188186955
17.38,1395,44.851610737462195
20.93,1680,44.8500006539481
36.41,2923,44.84296936390133
9.79,786,44.83969448176959
13.55,1088,44.834559454637414
15.59,1252,44.82747647708978
7.93,637,44.81632556046946
19.47,1564,44.81585519697965
22.98,1846,44.81473366849988
21.19,1703,44.793894258724265
27.91,2244,44.77540082472531
18.69,1503,44.76646834504819
17.32,1393,44.760946806437325
19.09,1536,44.74218785762787
10.56,850,44.72470765955308
6.77,545,44.71926592905587
27.26,2195,44.70888420226633
17.77,1431,44.70440366732999
25.66,2067,44.69085604774242
17.7,1426,44.68443390363396
19.92,1606,44.65255309754558
18.27,1473,44.65173227966682
6.1,492,44.63414564365294
19.81,1598,44.62828415356231
10.41,840,44.61428506033761
97.58,7876,44.60233704822205
25.2,2034,44.601771261839744
18.18,1468,44.58310701541745
18.44,1489,44.58294286273165
11.54,932,44.57510714878852
24.33,1966,44.55137320719318
7.66,619,44.549272133576075
9.12,737,44.54816769065495
27,2182,44.54628780934922
18.4,1487,44.546064980974435
33,2667,44.544431946006746
18.83,1522,44.53876460272129
20.16,1630,44.525153037229195
16.42,1328,44.512048399592025
27.93,2260,44.49026597284638
18.19,1472,44.48641434959743
20.46,1656,44.47825887928838
13.4,1085,44.460828227381555
25.66,2080,44.41153819744404
11.83,959,44.40875883768696
19.29,1564,44.40153663420616
10.89,883,44.39864239633285
24.81,2012,44.39164914383329
27.74,2250,44.38399963378906
20.92,1697,44.37949338518456
17.7,1436,44.37326096558637
21.9,1777,44.36690975053966
15.08,1224,44.35294095207663
18.32,1487,44.3523866182698
11.95,970,44.35051475603556
24.92,2023,44.346020897013446
12.3,1000,44.28000068664551
17.59,1431,44.25157271091293
10.59,862,44.227378827513235
16.83,1370,44.22481731776774
19.95,1624,44.22413962227957
27.61,2248,44.21530346853453
5.49,447,44.2147632573275
18.9,1539,44.21052542346263
26.94,2194,44.204194130632374
9.3,758,44.16886634122099
10.24,835,44.14850200721604
9.59,782,44.148338298358574
20,1631,44.14469650521153
45.71,3728,44.14055705582123
7.28,594,44.121213392777875
20.38,1663,44.117857473697995
40.09,3272,44.108802123874206
28.67,2340,44.107692425067604
18.14,1481,44.094529238848324
1.2,98,44.081634404707934
18.33,1497,44.08016013716887
19.54,1596,44.07519003502408
17.92,1464,44.06557395809986
15.58,1273,44.05970127678067
20.34,1663,44.03126912165749
6.2,507,44.02366728472286
9.61,786,44.015265603101895
14.02,1147,44.00348879507342
17.89,1464,43.99180177782402
24.88,2037,43.97054343581727
16.66,1365,43.93846113603194
11.68,957,43.93730522323178
17.05,1397,43.937005907958465
6.59,540,43.93333435058594
11.67,957,43.899686807375346
11.73,962,43.896048183004964
5.34,438,43.89041221305116
23.1,1895,43.88390573788444
28.69,2354,43.87595663662168
9.31,764,43.86911192489544
25.46,2090,43.85454387756055
11.9,977,43.848514459272245
9.97,819,43.82417699792883
13.84,1137,43.82058095806192
12.57,1033,43.80638809425672
19.1,1570,43.7961792186567
10.19,838,43.775654521933035
11.78,969,43.76470489029545
19.22,1582,43.73704015681174
3.96,326,43.73006177094816
20.46,1685,43.712757687894104
11.86,977,43.70112463054051
23.56,1941,43.69706237887304
16.66,1373,43.682446795836555
10.74,886,43.63882525510766
2.92,241,43.61825840107138
12,991,43.59233097880928
16.49,1362,43.585902478726425
19.54,1614,43.58364516474501
18.7,1545,43.57281731170358
18.03,1490,43.56241776639183
10.78,891,43.55555447665128
9.01,745,43.53825613956324
24.2,2001,43.538232257162434
6.99,578,43.53633075436919
11.27,932,43.53219060938758
26.26,2172,43.524862257815194
6.19,512,43.52343790233135
18.52,1532,43.519583321115675
19.45,1609,43.51771457214545
17.5,1448,43.508287292817684
11.54,955,43.50157053682817
18.15,1503,43.473052978515625
24.96,2067,43.47169651867516
6.11,506,43.470356681130156
19.45,1611,43.463688855730624
7.29,604,43.45033089846175
18.8,1558,43.44030632440178
5.08,421,43.43942927634631
19.74,1636,43.43765230808398
18.7,1550,43.432259836504535
23.34,1935,43.423256097837935
17.7,1468,43.4059964213774
23.04,1911,43.40345541386626
11.96,992,43.403225944888206
16.42,1362,43.400881258926724
18.48,1533,43.39725919898942
10.98,911,43.3896798595508
9.99,829,43.38238742584486
8.94,742,43.374661036900115
22.66,1881,43.36842076059734
7.08,588,43.34693830840442
15.07,1252,43.33226749310478
19.1,1587,43.32703300144361
29.49,2451,43.31456514729718
10.9,906,43.31125676237195
19.5,1621,43.30660086366441
16.01,1331,43.302780483827654
19.7,1638,43.296704973493306
11.99,997,43.29388081848084
23.12,1923,43.28237286595956
11.02,917,43.26281531946479
17.46,1453,43.25946091128807
20.18,1680,43.24285779680525
17.77,1480,43.22432543780353
20.78,1732,43.19168733944794
16.89,1408,43.18465753035112
18.35,1530,43.17647148581112
32.2,2685,43.17318538047748
25.4,2118,43.17280388418743
34.61,2886,43.172557933910475
18.71,1561,43.1492611813591
11.23,937,43.14620955394961
11.06,923,43.13759643620814
10.17,849,43.12367523516867
11.33,946,43.11627877943108
18.55,1549,43.11168318490508
34.31,2866,43.09700102716248
30.93,2585,43.074661933707084
16.17,1352,43.05621322090104
18.37,1536,43.05468946695328
17.53,1466,43.04775066297669
17.06,1427,43.03854104932906
5.75,481,43.03534303534303
10.1,845,43.02958742401304
23.47,1964,43.020365340160986
28.75,2406,43.01745635910225
12.14,1016,43.01574924799401
17.67,1479,43.01014217353496
26.76,2240,43.00714322498867
20.5,1716,43.00699300699301
53.16,4450,43.00584257318732
14,1172,43.003412969283275
18.18,1522,43.001314782281746
11.67,977,43.00102382257748
25.88,2167,42.99399952873086
31.3,2621,42.99122367547423
19.74,1653,42.990925091364424
22.9,1918,42.98227248524973
15.85,1328,42.9668685039842
16.1,1349,42.96516039532321
7.9,662,42.960725594143135
12.04,1009,42.95738341196323
18.07,1515,42.93861313621596
17.29,1450,42.926898824757544
11.22,941,42.92454937439289
19.11,1603,42.9170319384065
17.31,1453,42.887816983752636
27.11,2276,42.88049305679509
27.06,2272,42.87675971716223
17.71,1487,42.87558621661167
17.09,1435,42.8738679786177
11.31,950,42.858948958547494
20.5,1722,42.857142857142854
20.58,1729,42.850202270296
27.5,2311,42.83859800951969
26.23,2205,42.824489048549104
20.27,1704,42.82394462907818
21.53,1810,42.82210081321759
16.64,1399,42.819154969788684
26.32,2213,42.816086263609215
16.72,1406,42.810809052685755
16.36,1376,42.80232717824536
25.82,2172,42.79557960468102
12.03,1012,42.7944654532572
16.2,1363,42.78796973336906
11.94,1005,42.77014775062675
18.27,1538,42.764630460305085
11.57,974,42.76385924165009
24.8,2088,42.75861937424232
15.83,1333,42.75168771593533
14.76,1243,42.74819052612599
18.76,1580,42.744304318971274
34.72,2925,42.73230919471154
17.3,1458,42.716047498914925
23.47,1978,42.715873371120416
25.64,2162,42.693801018841064
27.31,2303,42.690402986275544
15.89,1340,42.689553161165605
15.84,1336,42.6826351417039
20.72,1748,42.67276746457447
29.61,2499,42.6554630641319
17.5,1477,42.654028436018955
20.33,1716,42.65034949029242
17.4,1469,42.641251617909454
11.63,982,42.635438301412734
10.3,870,42.62069044442013
19.96,1686,42.61921512698788
16.29,1376,42.619188441786655
16.68,1409,42.617459970640745
8.83,746,42.611259685444765
16.05,1356,42.61061744352358
14.25,1204,42.607973421926914
11.8,997,42.60782415912288
22.84,1930,42.60310909291005
19.49,1647,42.601092395886695
23.3,1969,42.6003033282976
11.86,1003,42.56829388239092
30.14,2549,42.56728042476829
20.12,1702,42.55699354949485
15.21,1287,42.545454652159364
16.91,1431,42.54088011927575
17.34,1468,42.52316113713651
16.3,1380,42.521737140157946
10.89,922,42.520608715793834
17.02,1441,42.5204730381327
17.48,1480,42.51891780543972
18.4,1558,42.516045331648904
19.64,1663,42.51593373585952
16.9,1431,42.515722310767984
10.45,885,42.50847380040056
11.89,1007,42.50645604365632
18.06,1530,42.49411639045267
16.69,1414,42.492222010330565
17.37,1472,42.48098031334255
9.77,828,42.47826285984205
23.69,2008,42.47211251125867
16.3,1382,42.46020061752385
19.02,1613,42.450094016087554
17.77,1507,42.44990155802868
14.35,1217,42.44864533548974
24.62,2088,42.448277309023105
30.05,2549,42.44017153919889
10.61,900,42.439998626708984
16.74,1420,42.4394360394545
15.62,1325,42.43924497208505
17.61,1494,42.43373641048569
16.97,1440,42.42499828338623
13.96,1185,42.41012669816802
27.92,2370,42.41012669816802
18.56,1576,42.39593786636585
18.43,1565,42.39488888091553
17.9,1520,42.39473593862433
16.19,1375,42.38836503462358
14.96,1271,42.37293480513698
17.82,1514,42.3725223919202
8.38,712,42.370787095487785
24.19,2056,42.35603206352501
19.14,1627,42.35033669498118
18.61,1582,42.348926799788636
19.89,1691,42.34417374496415
2.61,222,42.32432262317554
16.67,1418,42.32157988339789
16.68,1419,42.3171255099597
16.83,1432,42.310055674121365
20.32,1730,42.284392428535945
20.19,1719,42.28272363153428
17.5,1490,42.281879194630875
43.77,3727,42.2785086256907
23.57,2007,42.278026358429095
20.75,1767,42.27504244482173
18.87,1607,42.272559440721984
19.09,1626,42.265682994659535
11.2,954,42.26415022364203
26.9,2292,42.251308301356445
9.4,801,42.24718929676527
15.05,1283,42.22915096387023
18.2,1552,42.21649661506574
23.31,1988,42.211266638527455
19.31,1647,42.20764910588499
11.52,983,42.18921836007041
27.21,2322,42.18604509220567
8.73,745,42.185232687316486
17.55,1498,42.17623314647395
24.51,2093,42.15766881221912
15.35,1311,42.15103079579787
19.34,1652,42.14527878287918
10.29,879,42.14334455366428
11.6,991,42.13925466527852
11.96,1022,42.12915864709305
11.7,1000,42.11999931335449
8.54,730,42.11506830502863
6.13,524,42.11450460302921
9.86,843,42.10676009968931
14.91,1275,42.098823098575366
19,1625,42.09230769230769
20.61,1763,42.08508349249326
22.71,1943,42.07719850957363
13.64,1167,42.077121881715435
18.64,1595,42.071471976635976
7.9,676,42.071006425033666
16.71,1430,42.06713056230879
10.96,938,42.063966031267704
16.82,1440,42.04999923706055
17.1,1464,42.04918126590916
17.6,1507,42.04379653171269
17.56,1504,42.031913615287614
19.6,1679,42.02501570773735
18.44,1580,42.015191090257865
17.01,1458,42.00000056514033
18.35,1573,41.99618650558869
26.82,2300,41.97912995711617
19.9,1707,41.96836474909723
19.03,1633,41.95223666376229
11.7,1004,41.95219055114989
3.11,267,41.93258285522461
15.48,1329,41.93227866971466
20.93,1798,41.906563458638935
18.38,1579,41.90500125317274
16.9,1452,41.90082550048828
21.95,1886,41.89819869914212
37.89,3256,41.89311971828451
9.6,825,41.890910755504265
26.85,2308,41.88041653955417
18.81,1617,41.87754983141161
14.5,1247,41.860465116279066
17.43,1499,41.85990733731342
8.37,720,41.84999942779541
31.05,2671,41.84949354302432
10.59,911,41.848518714946664
18.5,1592,41.834170854271356
21.25,1829,41.82613449972662
21.12,1818,41.82178384006613
11.87,1022,41.812132669288346
22.02,1896,41.810127451450015
7.7,663,41.809953715466804
43.56,3751,41.806452930911135
13.11,1129,41.803364715711325
23.74,2045,41.79168663864323
24.7,2129,41.76608865504088
16.68,1438,41.7579979823594
16.68,1438,41.7579979823594
15.68,1352,41.75148010253906
20.69,1784,41.75112215392792
20.42,1761,41.744463529050655
17.45,1505,41.740865612346866
16.97,1464,41.72950650824875
7.94,685,41.72846745400533
16.98,1465,41.725596144744564
20.41,1762,41.70034021037661
10.47,904,41.694691328875784
15.6,1347,41.692651353593924
17.96,1551,41.68665164674504
19.36,1672,41.68421184046987
19.36,1672,41.68421184046987
7.04,608,41.68421030044556
18.85,1628,41.68304752659153
19.37,1673,41.68081471682022
9.85,851,41.66862676062399
5.15,445,41.66292211982641
27.83,2405,41.65821194400907
19.15,1655,41.655588294083984
22.67,1960,41.63877565033582
7.04,609,41.61576332129869
17.21,1489,41.60913143324484
24.19,2093,41.607263221503786
11.95,1034,41.60541519666779
19.02,1646,41.59902894772128
18.14,1570,41.59490305906648
17.35,1502,41.58455484240414
19.16,1659,41.57685319510765
28.59,2476,41.568659349481585
17.32,1500,41.567999267578124
17.62,1526,41.56749870330291
16.58,1436,41.5654594187617
6.05,524,41.5648868065754
11.89,1030,41.557282753361086
8.6,745,41.55704882320942
15.58,1350,41.54666646321615
19.7,1707,41.54657454398478
9.59,831,41.54512701482118
18.77,1627,41.5316543625994
20.8,1803,41.53078050661008
16.9,1465,41.52900930150784
16.3,1413,41.528660476587376
8.34,723,41.526971714130575
18.49,1603,41.52464078354672
20.07,1740,41.524137299636315
17.37,1506,41.52191435673323
15.05,1305,41.51724190547549
10.92,947,41.51214390143422
6.93,601,41.51081427956579
17.33,1503,41.50898185318815
16.2,1405,41.50889875201568
12.07,1047,41.50143161544144
16.83,1460,41.49862994886424
17.62,1529,41.48594049786804
6.05,525,41.485715593610486
5.37,466,41.484977656679604
17.78,1543,41.48282726631486
18.84,1635,41.48256914331279
15.6,1354,41.47710588869351
17.04,1479,41.47667565645601
11.74,1019,41.475956011801166
9.11,791,41.46143965112274
19.3,1676,41.455845616597834
11.8,1025,41.44390310892245
9.29,807,41.44237901198377
26.12,2269,41.44204628525352
20.2,1755,41.43589900090144
11.44,994,41.4325940537021
10.76,935,41.42887788660386
24.1,2095,41.412888483671125
22.9,1991,41.40632778840231
25.99,2260,41.399999635409465
11.36,988,41.39271129963369
16.43,1429,41.39118341401876
26.27,2285,41.38818452864299
2.92,254,41.38582785298505
13.3,1157,41.38288736961582
19.84,1726,41.38122859172445
9.88,860,41.35814001393872
11.52,1003,41.34795777462535
27.63,2406,41.34164462957596
10.3,897,41.33779340763156
9.55,832,41.32211620991047
6.07,529,41.30812971262941
8.41,733,41.30422844568021
19.78,1724,41.30394574937577
15.27,1331,41.30127847329017
16.21,1413,41.2993607247711
17.17,1497,41.290581345797065
9.45,824,41.286406933682635
17.41,1519,41.261355793735085
16.17,1411,41.255847111735086
17.68,1543,41.249514645905904
17.61,1537,41.24658568462305
5.51,481,41.23908695213016
15.51,1354,41.23781449333428
20.71,1808,41.236723840764135
16.24,1418,41.229900688311275
13.8,1205,41.228216337465156
10.49,916,41.22707333627226
18.27,1596,41.210527348339106
18.6,1625,41.20615469125601
14.9,1302,41.19815562727264
24.49,2140,41.19813045608663
11.66,1019,41.19332625189754
22.47,1964,41.18737145014062
16.52,1444,41.18559670910611
12.81,1120,41.175001348767964
13.22,1156,41.16955100458798
16.9,1478,41.163733847570356
18.21,1593,41.152540303893005
26.45,2314,41.14952581961194
19.28,1687,41.14285860813505
18.03,1578,41.133081414400394
19.64,1719,41.130888774132856
18.21,1594,41.12672315188304
14.85,1300,41.12307797945463
16.46,1441,41.121441154824126
20.17,1766,41.116647947145076
17.69,1549,41.11297735481435
11.83,1036,41.10810784299401
18.19,1593,41.10734583967823
9.66,846,41.106382329413236
27.29,2390,41.10627752966462
18.84,1650,41.10545487837358
18.78,1645,41.09908964858592
19.83,1737,41.09844543773276
18.5,1621,41.08574953732264
17.48,1532,41.07571693998093
18.21,1596,41.07518590482554
8.93,783,41.057472667474855
18.04,1582,41.051835206004064
16.5,1447,41.05044920525225
21.8,1912,41.04602366810563
16.22,1423,41.034432556624154
13.54,1188,41.03030291470614
10.93,959,41.03024097876206
11.93,1047,41.02005835590526
26.15,2295,41.019607244753374
16.76,1471,41.01699580147832
18.01,1581,41.00948818720722
8.27,726,41.00826673271242
17.3,1519,41.00065651969583
4.1,360,40.999999046325684
14.68,1289,40.99922505712398
10.93,960,40.98750114440918
16.85,1480,40.98648741438582
29.76,2614,40.98546320733535
16.94,1488,40.98387225981681
18.43,1619,40.9808530565984
21.65,1902,40.977917259047835
55.16,4846,40.97730075333958
21.2,1863,40.96618504915837
17.91,1574,40.96315085812172
16.6,1459,40.95956228464086
12.39,1089,40.95867882090167
19.01,1671,40.95511718969157
18.35,1613,40.95474356682642
18.03,1585,40.951421117933016
18.7,1644,40.94890678015938
18.3,1609,40.94468443344809
19.8,1741,40.941985785995385
21.27,1871,40.925709058230474
23.3,2050,40.9170718309356
9.16,806,40.91315068323026
11.83,1041,40.91066256036676
21.44,1887,40.90302168659641
17.27,1520,40.902632663124486
14.78,1301,40.89777020653059
25.5,2245,40.89086859688196
23.79,2095,40.8801925040088
8.89,783,40.87356479688623
18.21,1604,40.87032213472666
18.07,1592,40.861808355130144
12.61,1111,40.86048493612789
17.57,1548,40.86046440656795
15.47,1363,40.85986864365643
18.01,1587,40.85444286324802
14.25,1256,40.84394904458598
17.47,1540,40.838959433815695
21.53,1898,40.8366714815194
9.39,828,40.82608844922936
16.78,1480,40.81621788643502
67.3,5936,40.81536573219814
13.57,1197,40.81202915736607
20.13,1776,40.80405235290527
28.12,2481,40.80290327337373
11.4,1006,40.7952272631302
8.17,721,40.79334296069099
19.33,1706,40.7901522422871
7.42,655,40.78167980863848
11.86,1047,40.77936844702778
11.87,1048,40.774808767187686
10.51,928,40.7715526120416
9.75,861,40.76655052264808
20.7,1828,40.76586583511052
17.88,1579,40.765039251906124
2.31,204,40.76470487258014
19.9,1758,40.750852461154146
25.24,2230,40.746187971311834
12.2,1078,40.742114390866874
14.18,1253,40.74062338278756
9.37,828,40.7391299372134
8.17,722,40.736842485676185
17.3,1529,40.73250310884105
9.14,808,40.72277380688356
8.98,794,40.71536316379191
24.61,2176,40.71507453918457
19.26,1703,40.714034541382624
16.86,1491,40.708250970667756
9.86,872,40.70642060096111
17.13,1515,40.70494850083153
16.53,1462,40.70314806561137
16.1,1424,40.702248155400994
16.38,1449,40.69565008886112
17.34,1534,40.693611831366624
6.42,568,40.6901413286236
15.97,1413,40.687898769500144
18.84,1667,40.68626307697445
16.16,1430,40.68251709838014
18.97,1679,40.67420936752601
14.01,1240,40.67419421288275
19.34,1712,40.668224619927805
5.84,517,40.66537823852303
21.96,1945,40.64575666020646
20.58,1823,40.64070198866802
12.19,1080,40.63333193461101
18.16,1609,40.631447763010314
16.17,1433,40.62247053360656
26.6,2358,40.610687605297294
